t,az,el2026-04-07 16:59:08,167.4,38.3
2026-04-07 16:59:08,167.4,38.3
2026-04-07 16:59:09,167.4,38.3
2026-04-07 16:59:09,167.4,38.3
2026-04-07 16:59:10,167.4,38.3
2026-04-07 16:59:10,167.4,38.3
2026-04-07 16:59:11,167.4,38.3
2026-04-07 16:59:11,167.4,38.3
2026-04-07 16:59:12,167.4,38.3
2026-04-07 16:59:12,167.4,38.3
2026-04-07 16:59:13,167.4,38.3
2026-04-07 16:59:13,167.4,38.3
2026-04-07 16:59:14,167.4,38.3
2026-04-07 16:59:14,167.4,38.3
2026-04-07 16:59:15,167.4,38.3
2026-04-07 16:59:15,167.4,38.3
2026-04-07 16:59:16,167.4,38.3
2026-04-07 16:59:16,167.4,38.3
2026-04-07 16:59:17,167.4,38.3
2026-04-07 16:59:17,167.4,38.3
2026-04-07 16:59:18,167.4,38.3
2026-04-07 16:59:18,167.4,38.3
2026-04-07 16:59:18,167.4,38.3
2026-04-07 16:59:19,167.4,38.3
2026-04-07 16:59:19,167.4,38.3
2026-04-07 16:59:20,167.4,38.3
2026-04-07 16:59:20,163.6,35.9
2026-04-07 16:59:21,163.6,35.9
2026-04-07 16:59:21,163.6,35.9
2026-04-07 16:59:22,163.6,35.9
2026-04-07 16:59:22,163.6,35.9
2026-04-07 16:59:23,163.6,35.9
2026-04-07 16:59:23,163.6,35.9
2026-04-07 16:59:24,163.6,35.9
2026-04-07 16:59:24,163.6,35.9
2026-04-07 16:59:25,163.6,35.9
2026-04-07 16:59:25,163.6,35.9
2026-04-07 16:59:26,163.6,35.9
2026-04-07 16:59:27,173.6,35.9
2026-04-07 16:59:27,173.6,35.9
2026-04-07 16:59:27,173.6,35.9
2026-04-07 16:59:28,173.6,35.9
2026-04-07 16:59:28,173.6,35.9
2026-04-07 16:59:29,173.6,35.9
2026-04-07 16:59:29,173.6,35.9
2026-04-07 16:59:30,173.6,35.9
2026-04-07 16:59:30,173.6,35.9
2026-04-07 16:59:31,173.6,35.9
2026-04-07 16:59:31,173.6,35.9
2026-04-07 16:59:32,173.6,35.9
2026-04-07 16:59:32,173.6,35.9
2026-04-07 16:59:33,173.6,35.9
2026-04-07 16:59:33,173.6,35.9
2026-04-07 16:59:34,173.6,35.9
2026-04-07 16:59:34,173.6,35.9
2026-04-07 16:59:35,173.6,35.9
2026-04-07 16:59:35,175.6,35.9
2026-04-07 16:59:36,175.6,35.9
2026-04-07 16:59:36,175.6,35.9
2026-04-07 16:59:37,175.6,35.9
2026-04-07 16:59:37,175.6,35.9
2026-04-07 16:59:38,175.6,35.9
2026-04-07 16:59:38,175.6,35.9
2026-04-07 16:59:39,175.6,35.9
2026-04-07 16:59:40,175.6,35.9
2026-04-07 16:59:40,175.6,35.9
2026-04-07 16:59:41,175.6,35.9
2026-04-07 16:59:41,175.6,35.9
2026-04-07 16:59:42,175.6,35.9
2026-04-07 16:59:42,175.6,35.9
2026-04-07 16:59:43,175.6,35.9
2026-04-07 16:59:43,175.6,35.9
2026-04-07 16:59:44,175.6,35.9
2026-04-07 16:59:44,175.6,35.9
2026-04-07 16:59:45,175.6,35.9
2026-04-07 16:59:45,175.6,35.9
2026-04-07 16:59:46,175.6,35.9
2026-04-07 16:59:46,175.6,35.9
2026-04-07 16:59:47,175.6,35.9
2026-04-07 16:59:47,175.6,35.9
2026-04-07 16:59:48,175.6,35.9
2026-04-07 16:59:48,175.6,35.9
2026-04-07 16:59:49,175.6,35.9
2026-04-07 16:59:49,175.6,35.9
2026-04-07 16:59:50,175.6,35.9
2026-04-07 16:59:50,175.6,35.9
2026-04-07 16:59:51,175.6,35.9
2026-04-07 16:59:51,175.6,35.9
2026-04-07 16:59:52,175.6,35.9
2026-04-07 16:59:52,175.6,35.9
2026-04-07 16:59:53,175.6,35.9
2026-04-07 16:59:53,175.6,35.9
2026-04-07 16:59:54,175.6,35.9
2026-04-07 16:59:54,175.6,35.9
2026-04-07 16:59:55,175.6,35.9
2026-04-07 16:59:55,175.6,35.9
2026-04-07 16:59:56,175.6,35.9
2026-04-07 16:59:56,175.6,35.9
2026-04-07 16:59:57,175.6,35.9
2026-04-07 16:59:57,175.6,35.9
2026-04-07 16:59:58,175.6,35.9
2026-04-07 16:59:58,175.6,35.9
2026-04-07 16:59:59,175.6,35.9
2026-04-07 16:59:59,175.6,35.9
2026-04-07 17:00:00,175.6,35.9
2026-04-07 17:00:00,175.6,35.9
2026-04-07 17:00:01,175.6,35.9
2026-04-07 17:00:01,175.6,35.9
2026-04-07 17:00:02,175.6,35.9
2026-04-07 17:00:02,175.6,35.9
2026-04-07 17:00:03,175.6,35.9
2026-04-07 17:00:03,175.6,35.9
2026-04-07 17:00:04,175.6,35.9
2026-04-07 17:00:04,175.6,35.9
2026-04-07 17:00:05,175.6,35.9
2026-04-07 17:00:05,175.6,35.9
2026-04-07 17:00:06,175.6,35.9
2026-04-07 17:00:06,175.6,35.9
2026-04-07 17:00:07,175.6,35.9
2026-04-07 17:00:07,175.6,35.9
2026-04-07 17:00:08,175.6,35.9
2026-04-07 17:00:08,175.6,35.9
2026-04-07 17:00:09,175.6,35.9
2026-04-07 17:00:09,175.6,35.9
2026-04-07 17:00:10,175.6,35.9
2026-04-07 17:00:10,175.6,35.9
2026-04-07 17:00:11,175.6,35.9
2026-04-07 17:00:11,175.6,35.9
2026-04-07 17:00:12,175.6,35.9
2026-04-07 17:00:12,175.6,35.9
2026-04-07 17:00:13,175.6,35.9
2026-04-07 17:00:13,175.6,35.9
2026-04-07 17:00:14,175.6,35.9
2026-04-07 17:00:14,175.6,35.9
2026-04-07 17:00:15,175.6,35.9
2026-04-07 17:00:15,175.6,35.9
2026-04-07 17:00:16,175.6,35.9
2026-04-07 17:00:16,175.6,35.9
2026-04-07 17:00:17,175.6,35.9
2026-04-07 17:00:17,175.6,35.9
2026-04-07 17:00:18,175.6,35.9
2026-04-07 17:00:18,175.6,35.9
2026-04-07 17:00:19,175.6,35.9
2026-04-07 17:00:19,175.6,35.9
2026-04-07 17:00:20,175.6,35.9
2026-04-07 17:00:20,175.6,35.9
2026-04-07 17:00:21,175.6,35.9
2026-04-07 17:00:21,175.6,35.9
2026-04-07 17:00:22,175.6,35.9
2026-04-07 17:00:22,175.6,35.9
2026-04-07 17:00:23,175.6,35.9
2026-04-07 17:00:23,175.6,35.9
2026-04-07 17:00:24,175.6,35.9
2026-04-07 17:00:24,175.6,35.9
2026-04-07 17:00:25,175.6,35.9
2026-04-07 17:00:25,175.6,35.9
2026-04-07 17:00:26,175.6,35.9
2026-04-07 17:00:26,175.6,35.9
2026-04-07 17:00:27,175.6,35.9
2026-04-07 17:00:27,175.6,35.9
2026-04-07 17:00:28,175.6,35.9
2026-04-07 17:00:28,175.6,35.9
2026-04-07 17:00:29,175.6,35.9
2026-04-07 17:00:29,175.6,35.9
2026-04-07 17:00:30,175.6,35.9
2026-04-07 17:00:30,175.6,35.9
2026-04-07 17:00:31,175.6,35.9
2026-04-07 17:00:31,175.6,35.9
2026-04-07 17:00:32,175.6,35.9
2026-04-07 17:00:32,175.6,35.9
2026-04-07 17:00:33,175.6,35.9
2026-04-07 17:00:33,175.6,35.9
2026-04-07 17:00:34,175.6,35.9
2026-04-07 17:00:34,175.6,35.9
2026-04-07 17:00:35,175.6,35.9
2026-04-07 17:00:35,175.6,35.9
2026-04-07 17:00:36,175.6,35.9
2026-04-07 17:00:36,175.6,35.9
2026-04-07 17:00:37,175.6,35.9
2026-04-07 17:00:37,175.6,35.9
2026-04-07 17:00:38,175.6,35.9
2026-04-07 17:00:38,175.6,35.9
2026-04-07 17:00:39,175.6,35.9
2026-04-07 17:00:39,175.6,35.9
2026-04-07 17:00:40,175.6,35.9
2026-04-07 17:00:40,175.6,35.9
2026-04-07 17:00:41,175.6,35.9
2026-04-07 17:00:41,175.6,35.9
2026-04-07 17:00:42,175.6,35.9
2026-04-07 17:00:42,175.6,35.9
2026-04-07 17:00:43,175.6,35.9
2026-04-07 17:00:43,175.6,35.9
2026-04-07 17:00:44,175.6,35.9
2026-04-07 17:00:44,175.6,35.9
2026-04-07 17:00:45,175.6,35.9
2026-04-07 17:00:45,175.6,35.9
2026-04-07 17:00:46,175.6,35.9
2026-04-07 17:00:46,175.6,35.9
2026-04-07 17:00:47,175.6,35.9
2026-04-07 17:00:47,175.6,35.9
2026-04-07 17:00:48,175.6,35.9
2026-04-07 17:00:48,175.6,35.9
2026-04-07 17:00:49,175.6,35.9
2026-04-07 17:00:49,175.6,35.9
2026-04-07 17:00:50,175.6,35.9
2026-04-07 17:00:50,175.6,35.9
2026-04-07 17:00:51,175.6,35.9
2026-04-07 17:00:51,175.6,35.9
2026-04-07 17:00:52,175.6,35.9
2026-04-07 17:00:52,175.6,35.9
2026-04-07 17:00:53,175.6,35.9
2026-04-07 17:00:53,175.6,35.9
2026-04-07 17:00:54,175.6,35.9
2026-04-07 17:00:54,175.6,35.9
2026-04-07 17:00:55,175.6,35.9
2026-04-07 17:00:55,175.6,35.9
2026-04-07 17:00:56,175.6,35.9
2026-04-07 17:00:56,175.6,35.9
2026-04-07 17:00:57,175.6,35.9
2026-04-07 17:00:57,175.6,35.9
2026-04-07 17:02:26,175.6,35.9
2026-04-07 17:02:26,175.6,35.9
2026-04-07 17:02:27,175.6,35.9
2026-04-07 17:02:27,175.6,35.9
2026-04-07 17:02:28,175.6,35.9
2026-04-07 17:02:28,175.6,35.9
2026-04-07 17:02:29,175.6,35.9
2026-04-07 17:02:29,175.6,35.9
2026-04-07 17:02:30,175.6,35.9
2026-04-07 17:02:30,175.6,35.9
2026-04-07 17:02:31,175.6,35.9
2026-04-07 17:02:31,175.6,35.9
2026-04-07 17:02:32,175.6,35.9
2026-04-07 17:02:32,175.6,35.9
2026-04-07 17:02:33,175.6,35.9
2026-04-07 17:02:33,175.6,35.9
2026-04-07 17:02:34,175.6,35.9
2026-04-07 17:02:34,175.6,35.9
2026-04-07 17:02:35,175.6,35.9
2026-04-07 17:02:35,175.6,35.9
2026-04-07 17:02:36,175.6,35.9
2026-04-07 17:02:36,175.6,35.9
2026-04-07 17:02:37,175.6,35.9
2026-04-07 17:02:37,175.6,35.9
2026-04-07 17:02:38,175.6,35.9
2026-04-07 17:02:38,175.6,35.9
2026-04-07 17:02:39,175.6,35.9
2026-04-07 17:02:39,175.6,35.9
2026-04-07 17:02:40,175.6,35.9
2026-04-07 17:02:40,175.6,35.9
2026-04-07 17:02:41,175.6,35.9
2026-04-07 17:02:41,175.6,35.9
2026-04-07 17:02:42,163.6,35.9
2026-04-07 17:02:42,163.6,35.9
2026-04-07 17:02:43,163.6,35.9
2026-04-07 17:02:43,163.6,35.9
2026-04-07 17:02:44,163.6,35.9
2026-04-07 17:02:44,163.6,35.9
2026-04-07 17:02:45,163.6,35.9
2026-04-07 17:02:45,163.6,35.9
2026-04-07 17:02:46,163.6,35.9
2026-04-07 17:02:46,163.6,35.9
2026-04-07 17:02:47,163.6,35.9
2026-04-07 17:02:47,163.6,35.9
2026-04-07 17:02:48,163.6,45.8
2026-04-07 17:02:48,163.6,45.8
2026-04-07 17:02:49,163.6,45.8
2026-04-07 17:02:49,163.6,45.8
2026-04-07 17:02:50,163.6,45.8
2026-04-07 17:02:50,163.6,45.8
2026-04-07 17:02:51,163.6,45.8
2026-04-07 17:02:51,163.6,45.8
2026-04-07 17:02:52,163.6,45.8
2026-04-07 17:02:52,163.6,45.8
2026-04-07 17:02:53,163.6,45.8
2026-04-07 17:02:53,163.6,45.8
2026-04-07 17:02:54,163.6,45.8
2026-04-07 17:02:54,163.6,45.8
2026-04-07 17:02:55,163.6,45.8
2026-04-07 17:02:55,163.6,45.8
2026-04-07 17:02:56,163.6,45.8
2026-04-07 17:02:56,163.6,45.8
2026-04-07 17:02:57,163.6,45.8
2026-04-07 17:02:57,163.6,45.8
2026-04-07 17:02:58,163.6,45.8
2026-04-07 17:02:58,163.6,45.8
2026-04-07 17:02:59,163.6,45.8
2026-04-07 17:02:59,163.6,45.8
2026-04-07 17:03:00,163.6,45.8
2026-04-07 17:03:00,163.6,45.8
2026-04-07 17:03:01,163.6,45.8
2026-04-07 17:03:01,163.6,45.8
2026-04-07 17:03:02,163.6,45.8
2026-04-07 17:03:02,163.6,45.8
2026-04-07 17:03:03,163.6,45.8
2026-04-07 17:03:03,163.6,45.8
2026-04-07 17:03:04,163.6,45.8
2026-04-07 17:03:04,163.6,45.8
2026-04-07 17:03:05,163.6,45.8
2026-04-07 17:03:05,163.6,45.8
2026-04-07 17:03:06,163.6,45.8
2026-04-07 17:03:06,163.6,45.8
2026-04-07 17:03:07,163.6,45.8
2026-04-07 17:03:07,163.6,39.8
2026-04-07 17:03:08,163.6,39.8
2026-04-07 17:03:08,163.6,39.8
2026-04-07 17:03:09,163.6,39.8
2026-04-07 17:03:09,163.6,39.8
2026-04-07 17:03:10,163.6,39.8
2026-04-07 17:03:10,163.6,39.8
2026-04-07 17:03:11,163.6,44.8
2026-04-07 17:03:11,163.6,44.8
2026-04-07 17:03:12,163.6,44.8
2026-04-07 17:03:12,163.6,44.8
2026-04-07 17:03:13,163.6,44.8
2026-04-07 17:03:13,163.6,44.8
2026-04-07 17:03:14,163.6,44.8
2026-04-07 17:03:14,163.6,44.8
2026-04-07 17:03:15,163.6,44.8
2026-04-07 17:03:15,163.6,44.8
2026-04-07 17:03:16,163.6,44.8
2026-04-07 17:03:16,163.6,44.8
2026-04-07 17:03:17,163.6,44.8
2026-04-07 17:03:17,163.6,44.8
2026-04-07 17:03:18,163.6,44.8
2026-04-07 17:03:18,163.6,44.8
2026-04-07 17:03:19,163.6,44.8
2026-04-07 17:03:19,163.6,44.8
2026-04-07 17:03:20,163.6,44.8
2026-04-07 17:03:20,163.6,44.8
2026-04-07 17:03:21,163.6,44.8
2026-04-07 17:03:21,163.6,44.8
2026-04-07 17:03:22,163.6,44.8
2026-04-07 17:03:22,163.6,44.8
2026-04-07 17:03:23,163.6,44.8
2026-04-07 17:03:23,163.6,90.0
2026-04-07 17:03:24,163.6,43.8
2026-04-07 17:03:24,163.6,43.8
2026-04-07 17:03:25,163.6,43.8
2026-04-07 17:03:25,163.6,43.8
2026-04-07 17:03:26,163.6,43.8
2026-04-07 17:03:26,163.6,43.8
2026-04-07 17:03:27,163.6,43.8
2026-04-07 17:03:27,163.6,43.8
2026-04-07 17:03:28,163.6,43.8
2026-04-07 17:03:28,163.6,43.8
2026-04-07 17:03:29,163.6,43.8
2026-04-07 17:03:29,163.6,43.8
2026-04-07 17:03:30,163.6,43.8
2026-04-07 17:03:30,163.6,43.8
2026-04-07 17:03:31,163.6,43.8
2026-04-07 17:03:31,163.6,43.8
2026-04-07 17:03:32,163.6,43.8
2026-04-07 17:03:32,163.6,43.8
2026-04-07 17:03:33,163.6,43.8
2026-04-07 17:03:33,163.6,43.8
2026-04-07 17:03:34,163.6,43.8
2026-04-07 17:03:34,163.6,43.8
2026-04-07 17:03:35,163.6,43.8
2026-04-07 17:03:35,163.6,43.8
2026-04-07 17:03:36,163.6,43.8
2026-04-07 17:03:36,163.6,43.8
2026-04-07 17:03:37,163.6,43.8
2026-04-07 17:03:37,163.6,43.8
2026-04-07 17:03:38,163.6,43.8
2026-04-07 17:03:38,163.6,43.8
2026-04-07 17:03:39,163.6,43.8
2026-04-07 17:03:39,163.6,43.8
2026-04-07 17:03:40,163.6,43.8
2026-04-07 17:03:40,163.6,43.8
2026-04-07 17:03:41,163.6,43.8
2026-04-07 17:03:41,163.6,43.8
2026-04-07 17:03:42,163.6,43.8
2026-04-07 17:03:42,163.6,43.8
2026-04-07 17:03:43,163.6,43.8
2026-04-07 17:03:43,163.6,43.8
2026-04-07 17:03:44,163.6,43.8
2026-04-07 17:03:44,163.6,43.8
2026-04-07 17:03:45,163.6,43.8
2026-04-07 17:03:45,163.6,43.8
2026-04-07 17:03:46,163.6,43.8
2026-04-07 17:03:46,163.6,43.8
2026-04-07 17:03:47,163.6,43.8
2026-04-07 17:03:47,163.6,43.8
2026-04-07 17:03:48,163.6,43.8
2026-04-07 17:03:48,163.6,43.8
2026-04-07 17:03:49,163.6,43.8
2026-04-07 17:03:49,163.6,43.8
2026-04-07 17:03:50,163.6,90.0
2026-04-07 17:03:50,163.6,90.0
2026-04-07 17:03:51,163.6,90.0
2026-04-07 17:03:51,163.6,90.0
2026-04-07 17:03:52,163.6,90.0
2026-04-07 17:03:52,163.6,90.0
2026-04-07 17:03:53,163.6,90.0
2026-04-07 17:03:53,163.6,90.0
2026-04-07 17:03:54,163.6,90.0
2026-04-07 17:03:54,163.6,90.0
2026-04-07 17:03:55,163.6,90.0
2026-04-07 17:03:55,163.6,90.0
2026-04-07 17:03:56,163.6,90.0
2026-04-07 17:03:56,163.6,90.0
2026-04-07 17:03:57,163.6,90.0
2026-04-07 17:03:57,163.6,90.0
2026-04-07 17:03:58,163.6,40.8
2026-04-07 17:03:58,163.6,40.8
2026-04-07 17:03:59,163.6,40.8
2026-04-07 17:03:59,163.6,40.8
2026-04-07 17:04:00,163.6,40.8
2026-04-07 17:04:00,163.6,40.8
2026-04-07 17:04:01,163.6,40.8
2026-04-07 17:04:01,163.6,40.8
2026-04-07 17:04:02,163.6,40.8
2026-04-07 17:04:02,163.6,40.8
2026-04-07 17:04:03,163.6,40.8
2026-04-07 17:04:03,163.6,40.8
2026-04-07 17:04:04,163.6,40.8
2026-04-07 17:04:04,163.6,40.8
2026-04-07 17:04:05,163.6,40.8
2026-04-07 17:04:05,163.6,40.8
2026-04-07 17:04:06,163.6,40.8
2026-04-07 17:04:06,163.6,40.8
2026-04-07 17:04:07,163.6,40.8
2026-04-07 17:04:07,163.6,40.8
2026-04-07 17:04:08,163.6,35.8
2026-04-07 17:04:08,163.6,35.8
2026-04-07 17:04:09,163.6,35.8
2026-04-07 17:04:09,163.6,35.8
2026-04-07 17:04:10,163.6,35.8
2026-04-07 17:04:10,163.6,40.8
2026-04-07 17:04:11,163.6,40.8
2026-04-07 17:04:11,163.6,40.8
2026-04-07 17:04:12,163.6,40.8
2026-04-07 17:04:12,163.6,40.8
2026-04-07 17:04:13,163.6,40.8
2026-04-07 17:04:13,163.6,40.8
2026-04-07 17:04:14,163.6,40.8
2026-04-07 17:04:14,163.6,40.8
2026-04-07 17:04:15,163.6,40.8
2026-04-07 17:04:15,163.6,40.8
2026-04-07 17:04:16,163.6,40.8
2026-04-07 17:04:16,163.6,40.8
2026-04-07 17:04:17,163.6,40.8
2026-04-07 17:04:17,163.6,40.8
2026-04-07 17:04:18,163.6,40.8
2026-04-07 17:04:18,163.6,40.8
2026-04-07 17:04:19,163.6,40.8
2026-04-07 17:04:19,163.6,40.8
2026-04-07 17:04:20,163.6,40.8
2026-04-07 17:04:20,163.6,40.8
2026-04-07 17:04:21,163.6,40.8
2026-04-07 17:04:21,163.6,40.8
2026-04-07 17:04:22,163.6,40.8
2026-04-07 17:04:23,163.6,40.8
2026-04-07 17:04:23,163.6,40.8
2026-04-07 17:04:24,163.6,40.8
2026-04-07 17:04:24,163.6,40.8
2026-04-07 17:04:25,163.6,40.8
2026-04-07 17:04:25,163.6,40.8
2026-04-07 17:04:26,163.6,35.8
2026-04-07 17:04:26,163.6,35.8
2026-04-07 17:04:27,163.6,35.8
2026-04-07 17:04:27,163.6,35.8
2026-04-07 17:04:28,163.6,35.8
2026-04-07 17:04:28,163.6,35.8
2026-04-07 17:04:29,163.6,35.8
2026-04-07 17:04:29,163.6,35.8
2026-04-07 17:04:30,163.6,35.8
2026-04-07 17:04:30,163.6,35.8
2026-04-07 17:04:31,163.6,35.8
2026-04-07 17:04:31,163.6,35.8
2026-04-07 17:04:32,163.6,35.8
2026-04-07 17:04:32,163.6,35.8
2026-04-07 17:04:33,163.6,35.8
2026-04-07 17:04:33,163.6,35.8
2026-04-07 17:04:34,163.6,35.8
2026-04-07 17:04:34,163.6,35.8
2026-04-07 17:04:35,163.6,35.8
2026-04-07 17:04:35,163.6,35.8
2026-04-07 17:04:36,163.6,35.8
2026-04-07 17:04:36,163.6,35.8
2026-04-07 17:04:37,163.6,35.8
2026-04-07 17:04:37,163.6,35.8
2026-04-07 17:04:38,163.6,35.8
2026-04-07 17:04:38,163.6,35.8
2026-04-07 17:04:39,163.6,35.8
2026-04-07 17:04:39,163.6,35.8
2026-04-07 17:04:40,163.6,35.8
2026-04-07 17:04:40,163.6,35.8
2026-04-07 17:04:41,163.6,35.8
2026-04-07 17:04:41,163.6,35.8
2026-04-07 17:04:42,163.6,35.8
2026-04-07 17:04:42,163.6,35.8
2026-04-07 17:04:43,163.6,35.8
2026-04-07 17:04:43,163.6,35.8
2026-04-07 17:04:44,163.6,36.8
2026-04-07 17:04:44,163.6,36.8
2026-04-07 17:04:45,163.6,36.8
2026-04-07 17:04:45,163.6,36.8
2026-04-07 17:04:46,163.6,36.8
2026-04-07 17:04:46,163.6,36.8
2026-04-07 17:04:47,163.6,36.8
2026-04-07 17:04:47,163.6,36.8
2026-04-07 17:04:48,163.6,36.8
2026-04-07 17:04:48,163.6,36.8
2026-04-07 17:04:49,163.6,36.8
2026-04-07 17:04:49,163.6,36.8
2026-04-07 17:04:50,163.6,36.8
2026-04-07 17:04:50,163.6,36.8
2026-04-07 17:04:51,163.6,36.8
2026-04-07 17:04:51,163.6,36.8
2026-04-07 17:04:52,163.6,36.8
2026-04-07 17:04:52,163.6,36.8
2026-04-07 17:04:53,163.6,36.8
2026-04-07 17:04:53,163.6,36.8
2026-04-07 17:04:54,163.6,36.8
2026-04-07 17:04:54,163.6,36.8
2026-04-07 17:04:55,163.6,36.8
2026-04-07 17:04:55,163.6,36.8
2026-04-07 17:04:56,163.6,36.8
2026-04-07 17:04:56,163.6,36.8
2026-04-07 17:04:57,163.6,36.8
2026-04-07 17:04:57,163.6,36.8
2026-04-07 17:04:58,163.6,36.8
2026-04-07 17:04:58,163.6,36.8
2026-04-07 17:04:59,163.6,36.8
2026-04-07 17:04:59,163.6,36.8
2026-04-07 17:05:00,163.6,36.8
2026-04-07 17:05:00,163.6,36.8
2026-04-07 17:05:01,163.6,36.8
2026-04-07 17:05:01,163.6,36.8
2026-04-07 17:05:02,163.6,36.8
2026-04-07 17:05:02,163.6,36.8
2026-04-07 17:05:03,163.6,36.8
2026-04-07 17:05:03,163.6,36.8
2026-04-07 17:05:04,163.6,36.8
2026-04-07 17:05:04,163.6,36.8
2026-04-07 17:05:05,163.6,36.8
2026-04-07 17:05:05,163.6,36.8
2026-04-07 17:05:06,163.6,36.8
2026-04-07 17:05:06,163.6,36.8
2026-04-07 17:05:07,163.6,36.8
2026-04-07 17:05:07,163.6,36.8
2026-04-07 17:05:08,163.6,36.8
2026-04-07 17:05:08,163.6,36.8
2026-04-07 17:05:09,163.6,36.8
2026-04-07 17:05:09,163.6,36.8
2026-04-07 17:05:10,163.6,36.8
2026-04-07 17:05:10,163.6,36.8
2026-04-07 17:05:11,163.6,36.8
2026-04-07 17:05:11,163.6,36.8
2026-04-07 17:05:12,163.6,36.8
2026-04-07 17:05:12,163.6,36.8
2026-04-07 17:05:13,163.6,36.8
2026-04-07 17:05:13,163.6,36.8
2026-04-07 17:05:14,163.6,36.8
2026-04-07 17:05:14,163.6,36.8
2026-04-07 17:05:15,163.6,36.8
2026-04-07 17:05:15,163.6,36.8
2026-04-07 17:05:16,163.6,36.8
2026-04-07 17:05:16,163.6,36.8
2026-04-07 17:05:17,163.6,36.8
2026-04-07 17:05:18,163.6,36.8
2026-04-07 17:05:18,163.6,36.8
2026-04-07 17:05:19,163.6,36.8
2026-04-07 17:05:20,163.6,36.8
2026-04-07 17:05:21,163.6,36.8
2026-04-07 17:05:21,163.6,36.8
2026-04-07 17:05:21,163.6,36.8
2026-04-07 17:05:22,163.6,36.8
2026-04-07 17:05:23,163.6,36.8
2026-04-07 17:05:23,163.6,36.8
2026-04-07 17:05:24,163.6,36.8
2026-04-07 17:05:24,163.6,36.8
2026-04-07 17:05:25,163.6,36.8
2026-04-07 17:05:25,163.6,36.8
2026-04-07 17:05:26,163.6,36.8
2026-04-07 17:05:26,163.6,36.8
2026-04-07 17:05:27,163.6,36.8
2026-04-07 17:05:27,163.6,36.8
2026-04-07 17:05:28,163.6,36.8
2026-04-07 17:05:28,163.6,36.8
2026-04-07 17:05:29,163.6,36.8
2026-04-07 17:05:29,163.6,36.8
2026-04-07 17:05:30,163.6,36.8
2026-04-07 17:05:30,163.6,36.8
2026-04-07 17:05:31,163.6,36.8
2026-04-07 17:05:31,163.6,36.8
2026-04-07 17:05:32,163.6,36.8
2026-04-07 17:05:32,163.6,36.8
2026-04-07 17:05:33,163.6,36.8
2026-04-07 17:05:33,163.6,36.8
2026-04-07 17:05:34,163.6,36.8
2026-04-07 17:05:34,163.6,36.8
2026-04-07 17:05:35,163.6,36.8
2026-04-07 17:05:35,163.6,36.8
2026-04-07 17:05:36,163.6,36.8
2026-04-07 17:05:37,163.6,36.8
2026-04-07 17:05:37,163.6,36.8
2026-04-07 17:05:38,163.6,36.8
2026-04-07 17:05:38,163.6,36.8
2026-04-07 17:05:38,163.6,36.8
2026-04-07 17:05:39,163.6,36.8
2026-04-07 17:05:40,163.6,36.8
2026-04-07 17:05:40,163.6,36.8
2026-04-07 17:05:41,163.6,36.8
2026-04-07 17:05:42,163.6,36.8
2026-04-07 17:05:43,163.6,36.8
2026-04-07 17:05:44,163.6,36.8
2026-04-07 17:05:45,163.6,36.8
2026-04-07 17:05:46,163.6,36.8
2026-04-07 17:05:47,163.6,36.8
2026-04-07 17:05:47,163.6,36.8
2026-04-07 17:05:48,163.6,36.8
2026-04-07 17:05:49,163.6,36.8
2026-04-07 17:05:50,163.6,36.8
2026-04-07 17:05:50,163.6,36.8
2026-04-07 17:05:51,163.6,36.8
2026-04-07 17:05:51,163.6,36.8
2026-04-07 17:05:52,163.6,36.8
2026-04-07 17:05:52,163.6,36.8
2026-04-07 17:05:53,163.6,36.8
2026-04-07 17:05:53,163.6,36.8
2026-04-07 17:05:54,163.6,36.8
2026-04-07 17:05:54,163.6,36.8
2026-04-07 17:05:55,163.6,36.8
2026-04-07 17:05:55,163.6,36.8
2026-04-07 17:05:56,163.6,36.8
2026-04-07 17:05:56,163.6,36.8
2026-04-07 17:05:56,163.6,36.8
2026-04-07 17:05:57,163.6,36.8
2026-04-07 17:05:58,163.6,36.8
2026-04-07 17:05:58,163.6,36.8
2026-04-07 17:05:59,163.6,36.8
2026-04-07 17:05:59,163.6,36.8
2026-04-07 17:06:00,163.6,36.8
2026-04-07 17:06:00,163.6,36.8
2026-04-07 17:06:01,163.6,36.8
2026-04-07 17:06:01,163.6,36.8
2026-04-07 17:06:02,163.6,36.8
2026-04-07 17:06:03,163.6,36.8
2026-04-07 17:06:03,163.6,36.8
2026-04-07 17:06:04,163.6,36.8
2026-04-07 17:06:05,163.6,36.8
2026-04-07 17:06:05,163.6,36.8
2026-04-07 17:06:06,163.6,36.8
2026-04-07 17:06:06,163.6,36.8
2026-04-07 17:06:07,163.6,36.8
2026-04-07 17:06:07,163.6,36.8
2026-04-07 17:06:08,163.6,36.8
2026-04-07 17:06:08,163.6,36.8
2026-04-07 17:06:09,163.6,36.8
2026-04-07 17:06:09,163.6,36.8
2026-04-07 17:06:10,163.6,36.8
2026-04-07 17:06:10,163.6,36.8
2026-04-07 17:06:11,163.6,36.8
2026-04-07 17:06:11,163.6,36.8
2026-04-07 17:06:12,163.6,36.8
2026-04-07 17:06:12,163.6,36.8
2026-04-07 17:06:13,163.6,36.8
2026-04-07 17:06:13,163.6,36.8
2026-04-07 17:06:14,163.6,36.8
2026-04-07 17:06:14,163.6,36.8
2026-04-07 17:06:15,163.6,36.8
2026-04-07 17:06:15,163.6,36.8
2026-04-07 17:06:16,163.6,36.8
2026-04-07 17:06:16,163.6,36.8
2026-04-07 17:06:17,163.6,36.8
2026-04-07 17:06:17,163.6,36.8
2026-04-07 17:06:18,163.6,36.8
2026-04-07 17:06:18,163.6,36.8
2026-04-07 17:06:19,163.6,36.8
2026-04-07 17:06:19,163.6,36.8
2026-04-07 17:06:20,163.6,36.8
2026-04-07 17:06:20,163.6,36.8
2026-04-07 17:06:21,163.6,36.8
2026-04-07 17:06:22,163.6,36.8
2026-04-07 17:06:23,163.6,36.8
2026-04-07 17:06:23,163.6,36.8
2026-04-07 17:06:24,163.6,36.8
2026-04-07 17:06:24,163.6,36.8
2026-04-07 17:06:25,163.6,36.8
2026-04-07 17:06:25,163.6,36.8
2026-04-07 17:06:26,163.6,36.8
2026-04-07 17:06:27,163.6,36.8
2026-04-07 17:06:27,163.6,36.8
2026-04-07 17:06:28,163.6,36.8
2026-04-07 17:06:28,163.6,36.8
2026-04-07 17:06:29,163.6,36.8
2026-04-07 17:06:29,163.6,36.8
2026-04-07 17:06:30,163.6,36.8
2026-04-07 17:06:30,163.6,36.8
2026-04-07 17:06:31,163.6,36.8
2026-04-07 17:06:31,163.6,36.8
2026-04-07 17:06:32,163.6,36.8
2026-04-07 17:06:32,163.6,36.8
2026-04-07 17:06:33,163.6,36.8
2026-04-07 17:06:34,163.6,36.8
2026-04-07 17:06:34,163.6,36.8
2026-04-07 17:06:35,163.6,36.8
2026-04-07 17:06:35,163.6,36.8
2026-04-07 17:06:36,163.6,36.8
2026-04-07 17:06:36,163.6,36.8
2026-04-07 17:06:37,163.6,36.8
2026-04-07 17:06:37,163.6,36.8
2026-04-07 17:06:38,163.6,36.8
2026-04-07 17:06:38,163.6,36.8
2026-04-07 17:06:39,163.6,36.8
2026-04-07 17:06:39,163.6,36.8
2026-04-07 17:06:40,163.6,36.8
2026-04-07 17:06:40,163.6,36.8
2026-04-07 17:06:41,163.6,36.8
2026-04-07 17:06:41,163.6,36.8
2026-04-07 17:06:42,163.6,36.8
2026-04-07 17:06:42,163.6,36.8
2026-04-07 17:06:43,163.6,36.8
2026-04-07 17:06:43,163.6,36.8
2026-04-07 17:06:44,163.6,36.8
2026-04-07 17:06:44,163.6,36.8
2026-04-07 17:06:45,163.6,36.8
2026-04-07 17:06:45,163.6,36.8
2026-04-07 17:06:46,163.6,36.8
2026-04-07 17:06:46,163.6,36.8
2026-04-07 17:06:47,163.6,36.8
2026-04-07 17:06:47,163.6,36.8
2026-04-07 17:06:48,163.6,36.8
2026-04-07 17:06:48,163.6,36.8
2026-04-07 17:06:49,163.6,36.8
2026-04-07 17:06:49,163.6,36.8
2026-04-07 17:06:50,163.6,36.8
2026-04-07 17:06:50,163.6,36.8
2026-04-07 17:06:52,163.6,36.8
2026-04-07 17:06:53,163.6,36.8
2026-04-07 17:06:54,163.6,36.8
2026-04-07 17:06:55,163.6,36.8
2026-04-07 17:06:56,163.6,36.8
2026-04-07 17:06:57,163.6,36.8
2026-04-07 17:06:58,163.6,36.8
2026-04-07 17:06:58,163.6,36.8
2026-04-07 17:06:59,163.6,36.8
2026-04-07 17:07:01,163.6,36.8
2026-04-07 17:07:02,163.6,36.8
2026-04-07 17:07:03,163.6,36.8
2026-04-07 17:07:04,163.6,36.8
2026-04-07 17:07:05,163.6,36.8
2026-04-07 17:07:05,163.6,36.8
2026-04-07 17:07:06,163.6,36.8
2026-04-07 17:07:07,163.6,36.8
2026-04-07 17:07:07,163.6,36.8
2026-04-07 17:07:08,163.6,36.8
2026-04-07 17:07:08,163.6,36.8
2026-04-07 17:07:09,163.6,36.8
2026-04-07 17:07:09,163.6,36.8
2026-04-07 17:07:10,163.6,36.8
2026-04-07 17:07:10,163.6,36.8
2026-04-07 17:07:11,163.6,36.8
2026-04-07 17:07:12,163.6,36.8
2026-04-07 17:07:12,163.6,36.8
2026-04-07 17:07:12,163.6,36.8
2026-04-07 17:07:13,163.6,36.8
2026-04-07 17:07:14,163.6,36.8
2026-04-07 17:07:14,163.6,36.8
2026-04-07 17:07:14,163.6,36.8
2026-04-07 17:07:15,163.6,36.8
2026-04-07 17:07:16,163.6,36.8
2026-04-07 17:07:16,163.6,36.8
2026-04-07 17:07:17,163.6,36.8
2026-04-07 17:07:18,163.6,36.8
2026-04-07 17:07:19,163.6,36.8
2026-04-07 17:07:20,163.6,36.8
2026-04-07 17:07:20,163.6,36.8
2026-04-07 17:07:21,163.6,36.8
2026-04-07 17:07:22,163.6,36.8
2026-04-07 17:07:22,163.6,36.8
2026-04-07 17:07:23,163.6,36.8
2026-04-07 17:07:23,163.6,36.8
2026-04-07 17:07:24,163.6,36.8
2026-04-07 17:07:24,163.6,36.8
2026-04-07 17:07:25,163.6,36.8
2026-04-07 17:07:25,163.6,36.8
2026-04-07 17:07:26,163.6,36.8
2026-04-07 17:07:26,163.6,36.8
2026-04-07 17:07:27,163.6,36.8
2026-04-07 17:07:28,163.6,36.8
2026-04-07 17:07:28,163.6,36.8
2026-04-07 17:07:29,163.6,36.8
2026-04-07 17:07:29,163.6,36.8
2026-04-07 17:07:30,163.6,36.8
2026-04-07 17:07:30,163.6,36.8
2026-04-07 17:07:31,163.6,36.8
2026-04-07 17:07:31,163.6,36.8
2026-04-07 17:07:31,163.6,36.8
2026-04-07 17:07:32,163.6,36.8
2026-04-07 17:07:33,163.6,36.8
2026-04-07 17:07:33,163.6,36.8
2026-04-07 17:07:33,163.6,36.8
2026-04-07 17:07:34,163.6,36.8
2026-04-07 17:07:34,163.6,36.8
2026-04-07 17:07:35,163.6,35.7
2026-04-07 17:07:35,163.6,35.7
2026-04-07 17:07:36,163.6,35.7
2026-04-07 17:07:36,163.6,35.7
2026-04-07 17:07:37,163.6,35.7
2026-04-07 17:07:37,163.6,35.7
2026-04-07 17:07:38,163.6,35.7
2026-04-07 17:07:38,163.6,35.7
2026-04-07 17:07:39,163.6,35.7
2026-04-07 17:07:39,163.6,35.7
2026-04-07 17:07:40,163.6,35.7
2026-04-07 17:07:41,163.6,35.7
2026-04-07 17:07:41,163.6,35.7
2026-04-07 17:07:42,163.6,35.7
2026-04-07 17:07:42,163.6,35.7
2026-04-07 17:07:43,163.6,35.7
2026-04-07 17:07:43,163.6,35.7
2026-04-07 17:07:44,163.6,35.7
2026-04-07 17:07:44,163.6,35.7
2026-04-07 17:07:45,163.6,35.7
2026-04-07 17:07:45,163.6,35.7
2026-04-07 17:07:46,163.6,35.7
2026-04-07 17:07:46,163.6,35.7
2026-04-07 17:07:47,163.6,35.7
2026-04-07 17:07:47,163.6,35.7
2026-04-07 17:07:48,163.6,35.7
2026-04-07 17:07:49,163.6,35.7
2026-04-07 17:07:49,163.6,35.7
2026-04-07 17:07:49,163.6,35.7
2026-04-07 17:07:50,163.6,35.7
2026-04-07 17:07:51,163.6,35.7
2026-04-07 17:07:51,163.6,35.7
2026-04-07 17:07:52,163.6,35.7
2026-04-07 17:07:52,163.6,35.7
2026-04-07 17:07:53,163.6,35.7
2026-04-07 17:07:53,163.6,35.7
2026-04-07 17:07:53,163.6,35.7
2026-04-07 17:07:54,163.6,35.7
2026-04-07 17:07:55,163.6,35.7
2026-04-07 17:07:55,163.6,35.7
2026-04-07 17:07:55,163.6,35.7
2026-04-07 17:07:56,163.6,35.7
2026-04-07 17:07:56,163.6,35.7
2026-04-07 17:07:57,163.6,35.7
2026-04-07 17:07:58,163.6,35.7
2026-04-07 17:07:58,163.6,35.7
2026-04-07 17:07:59,163.6,35.7
2026-04-07 17:07:59,163.6,35.7
2026-04-07 17:08:00,163.6,35.7
2026-04-07 17:08:00,163.6,35.7
2026-04-07 17:08:01,163.6,35.7
2026-04-07 17:08:02,163.6,35.7
2026-04-07 17:08:03,163.6,35.7
2026-04-07 17:08:03,163.6,35.7
2026-04-07 17:08:04,163.6,35.7
2026-04-07 17:08:04,163.6,35.7
2026-04-07 17:08:05,163.6,35.7
2026-04-07 17:08:06,163.6,35.7
2026-04-07 17:08:06,163.6,35.7
2026-04-07 17:08:07,163.6,35.7
2026-04-07 17:08:07,163.6,35.7
2026-04-07 17:08:08,163.6,35.7
2026-04-07 17:08:08,163.6,35.7
2026-04-07 17:08:09,163.6,35.7
2026-04-07 17:08:09,163.6,35.7
2026-04-07 17:08:09,163.6,35.7
2026-04-07 17:08:10,163.6,35.7
2026-04-07 17:08:11,163.6,35.7
2026-04-07 17:08:11,163.6,35.7
2026-04-07 17:08:12,163.6,35.7
2026-04-07 17:08:12,163.6,35.7
2026-04-07 17:08:13,163.6,35.7
2026-04-07 17:08:13,163.6,35.7
2026-04-07 17:08:14,163.6,35.7
2026-04-07 17:08:14,163.6,35.7
2026-04-07 17:08:15,163.6,35.7
2026-04-07 17:08:15,163.6,35.7
2026-04-07 17:08:16,163.6,35.7
2026-04-07 17:08:16,163.6,35.7
2026-04-07 17:08:17,163.6,35.7
2026-04-07 17:08:17,163.6,35.7
2026-04-07 17:08:18,163.6,35.7
2026-04-07 17:08:18,163.6,35.7
2026-04-07 17:08:19,163.6,35.7
2026-04-07 17:08:19,163.6,35.7
2026-04-07 17:08:20,163.6,35.7
2026-04-07 17:08:21,163.6,35.7
2026-04-07 17:08:21,163.6,35.7
2026-04-07 17:08:22,163.6,35.7
2026-04-07 17:08:23,163.6,35.7
2026-04-07 17:08:24,163.6,35.7
2026-04-07 17:08:24,163.6,35.7
2026-04-07 17:08:25,163.6,35.7
2026-04-07 17:08:25,163.6,35.7
2026-04-07 17:08:26,163.6,35.7
2026-04-07 17:08:26,163.6,35.7
2026-04-07 17:08:27,163.6,35.7
2026-04-07 17:08:27,163.6,35.7
2026-04-07 17:08:28,163.6,35.7
2026-04-07 17:08:28,163.6,35.7
2026-04-07 17:08:29,163.6,35.7
2026-04-07 17:08:29,163.6,35.7
2026-04-07 17:08:30,163.6,35.7
2026-04-07 17:08:30,163.6,35.7
2026-04-07 17:08:31,163.6,35.7
2026-04-07 17:08:31,163.6,35.7
2026-04-07 17:08:32,163.6,35.7
2026-04-07 17:08:32,163.6,35.7
2026-04-07 17:08:33,163.6,35.7
2026-04-07 17:08:33,163.6,35.7
2026-04-07 17:08:34,163.6,35.7
2026-04-07 17:08:34,163.6,35.7
2026-04-07 17:08:35,163.6,35.7
2026-04-07 17:08:35,163.6,35.7
2026-04-07 17:08:36,163.6,35.7
2026-04-07 17:08:36,163.6,35.7
2026-04-07 17:08:37,163.6,35.7
2026-04-07 17:08:37,163.6,35.7
2026-04-07 17:08:38,163.6,35.7
2026-04-07 17:08:38,163.6,35.7
2026-04-07 17:08:39,163.6,35.7
2026-04-07 17:08:39,163.6,35.7
2026-04-07 17:08:41,163.6,35.7
2026-04-07 17:08:41,163.6,35.7
2026-04-07 17:08:42,163.6,35.7
2026-04-07 17:08:42,163.6,35.7
2026-04-07 17:08:43,163.6,35.7
2026-04-07 17:08:43,163.6,35.7
2026-04-07 17:08:44,163.6,35.7
2026-04-07 17:08:44,163.6,35.7
2026-04-07 17:08:45,163.6,35.7
2026-04-07 17:08:45,163.6,35.7
2026-04-07 17:08:46,163.6,35.7
2026-04-07 17:08:46,163.6,35.7
2026-04-07 17:08:47,163.6,35.7
2026-04-07 17:08:47,163.6,35.7
2026-04-07 17:08:48,163.6,35.7
2026-04-07 17:08:48,163.6,35.7
2026-04-07 17:08:49,163.6,35.7
2026-04-07 17:08:49,163.6,35.7
2026-04-07 17:08:50,163.6,35.7
2026-04-07 17:08:50,163.6,35.7
2026-04-07 17:08:51,163.6,35.7
2026-04-07 17:08:51,163.6,35.7
2026-04-07 17:08:52,163.6,35.7
2026-04-07 17:08:52,163.6,35.7
2026-04-07 17:08:53,163.6,35.7
2026-04-07 17:08:53,163.6,35.7
2026-04-07 17:08:54,163.6,35.7
2026-04-07 17:08:54,163.6,35.7
2026-04-07 17:08:55,163.6,35.7
2026-04-07 17:08:55,163.6,35.7
2026-04-07 17:08:56,163.6,35.7
2026-04-07 17:08:56,163.6,35.7
2026-04-07 17:08:57,163.6,35.7
2026-04-07 17:08:57,163.6,35.7
2026-04-07 17:08:58,163.6,35.7
2026-04-07 17:08:58,163.6,35.7
2026-04-07 17:08:59,163.6,35.7
2026-04-07 17:08:59,163.6,35.7
2026-04-07 17:09:00,163.6,35.7
2026-04-07 17:09:01,163.6,35.7
2026-04-07 17:09:01,163.6,35.7
2026-04-07 17:09:02,163.6,35.7
2026-04-07 17:09:02,163.6,35.7
2026-04-07 17:09:03,163.6,35.7
2026-04-07 17:09:03,163.6,35.7
2026-04-07 17:09:04,163.6,35.7
2026-04-07 17:09:04,163.6,35.7
2026-04-07 17:09:05,163.6,35.7
2026-04-07 17:09:05,163.6,35.7
2026-04-07 17:09:06,163.6,35.7
2026-04-07 17:09:06,163.6,35.7
2026-04-07 17:09:07,163.6,35.7
2026-04-07 17:09:07,163.6,35.7
2026-04-07 17:09:08,163.6,35.7
2026-04-07 17:09:08,163.6,35.7
2026-04-07 17:09:09,163.6,35.7
2026-04-07 17:09:09,163.6,35.7
2026-04-07 17:09:10,163.6,35.7
2026-04-07 17:09:10,163.6,35.7
2026-04-07 17:09:11,163.6,35.7
2026-04-07 17:09:11,163.6,35.7
2026-04-07 17:09:12,163.6,35.7
2026-04-07 17:09:12,163.6,35.7
2026-04-07 17:09:13,163.6,35.7
2026-04-07 17:09:13,163.6,35.7
2026-04-07 17:09:14,163.6,35.7
2026-04-07 17:09:14,163.6,35.7
2026-04-07 17:09:15,163.6,35.7
2026-04-07 17:09:15,163.6,35.7
2026-04-07 17:09:16,163.6,35.7
2026-04-07 17:09:16,163.6,35.7
2026-04-07 17:09:17,163.6,35.7
2026-04-07 17:09:17,163.6,35.7
2026-04-07 17:09:18,163.6,35.7
2026-04-07 17:09:18,163.6,35.7
2026-04-07 17:09:19,163.6,35.7
2026-04-07 17:09:19,163.6,35.7
2026-04-07 17:09:20,163.6,35.7
2026-04-07 17:09:20,163.6,35.7
2026-04-07 17:09:21,163.6,35.7
2026-04-07 17:09:21,163.6,35.7
2026-04-07 17:09:22,163.6,35.7
2026-04-07 17:09:22,163.6,35.7
2026-04-07 17:09:23,163.6,35.7
2026-04-07 17:09:23,163.6,35.7
2026-04-07 17:09:24,163.6,35.7
2026-04-07 17:09:24,163.6,35.7
2026-04-07 17:09:25,163.6,35.7
2026-04-07 17:09:25,163.6,35.7
2026-04-07 17:09:26,163.6,35.7
2026-04-07 17:09:26,163.6,35.7
2026-04-07 17:09:27,163.6,35.7
2026-04-07 17:09:27,163.6,35.7
2026-04-07 17:09:28,163.6,35.7
2026-04-07 17:09:28,163.6,35.7
2026-04-07 17:09:29,163.6,35.7
2026-04-07 17:09:29,163.6,35.7
2026-04-07 17:09:30,163.6,35.7
2026-04-07 17:09:30,163.6,35.7
2026-04-07 17:09:31,163.6,35.7
2026-04-07 17:09:31,163.6,35.7
2026-04-07 17:09:32,163.6,35.7
2026-04-07 17:09:32,163.6,35.7
2026-04-07 17:09:33,163.6,35.7
2026-04-07 17:09:33,163.6,35.7
2026-04-07 17:09:34,163.6,35.7
2026-04-07 17:09:34,163.6,35.7
2026-04-07 17:09:35,163.6,35.7
2026-04-07 17:09:35,163.6,35.7
2026-04-07 17:09:36,163.6,35.7
2026-04-07 17:09:37,163.6,35.7
2026-04-07 17:09:37,163.6,35.7
2026-04-07 17:09:38,163.6,35.7
2026-04-07 17:09:39,163.6,35.7
2026-04-07 17:09:39,163.6,35.7
2026-04-07 17:09:40,163.6,35.7
2026-04-07 17:09:40,163.6,35.7
2026-04-07 17:09:41,163.6,35.7
2026-04-07 17:09:41,163.6,35.7
2026-04-07 17:09:42,163.6,35.7
2026-04-07 17:09:42,163.6,35.7
2026-04-07 17:09:43,163.6,35.7
2026-04-07 17:09:43,163.6,35.7
2026-04-07 17:09:44,163.6,35.7
2026-04-07 17:09:44,163.6,35.7
2026-04-07 17:09:45,163.6,35.7
2026-04-07 17:09:45,163.6,35.7
2026-04-07 17:09:46,163.6,35.7
2026-04-07 17:09:46,163.6,35.7
2026-04-07 17:09:47,163.6,35.7
2026-04-07 17:09:47,163.6,35.7
2026-04-07 17:09:48,163.6,35.7
2026-04-07 17:09:48,163.6,35.7
2026-04-07 17:09:49,163.6,35.7
2026-04-07 17:09:49,163.6,35.7
2026-04-07 17:09:50,163.6,35.7
2026-04-07 17:09:50,163.6,35.7
2026-04-07 17:09:51,163.6,35.7
2026-04-07 17:09:51,163.6,35.7
2026-04-07 17:09:52,163.6,35.7
2026-04-07 17:09:52,163.6,35.7
2026-04-07 17:09:53,163.6,35.7
2026-04-07 17:09:53,163.6,35.7
2026-04-07 17:09:54,163.6,35.7
2026-04-07 17:09:54,163.6,35.7
2026-04-07 17:09:55,163.6,35.7
2026-04-07 17:09:55,163.6,35.7
2026-04-07 17:09:56,163.6,35.7
2026-04-07 17:09:56,163.6,35.7
2026-04-07 17:09:57,163.6,35.7
2026-04-07 17:09:58,163.6,35.7
2026-04-07 17:09:58,163.6,35.7
2026-04-07 17:09:59,163.6,35.7
2026-04-07 17:09:59,163.6,35.7
2026-04-07 17:10:00,163.6,35.7
2026-04-07 17:10:00,163.6,35.7
2026-04-07 17:10:01,163.6,35.7
2026-04-07 17:10:02,163.6,35.7
2026-04-07 17:10:02,163.6,35.7
2026-04-07 17:10:03,163.6,35.7
2026-04-07 17:10:03,163.6,35.7
2026-04-07 17:10:04,163.6,35.7
2026-04-07 17:10:04,163.6,35.7
2026-04-07 17:10:05,163.6,35.7
2026-04-07 17:10:05,163.6,35.7
2026-04-07 17:10:06,163.6,35.7
2026-04-07 17:10:06,163.6,35.7
2026-04-07 17:10:07,163.6,35.7
2026-04-07 17:10:07,163.6,35.7
2026-04-07 17:10:08,163.6,35.7
2026-04-07 17:10:08,163.6,35.7
2026-04-07 17:10:09,163.6,35.7
2026-04-07 17:10:09,163.6,35.7
2026-04-07 17:10:10,163.6,35.7
2026-04-07 17:10:10,163.6,35.7
2026-04-07 17:10:11,163.6,35.7
2026-04-07 17:10:11,163.6,35.7
2026-04-07 17:10:12,163.6,35.7
2026-04-07 17:10:12,163.6,35.7
2026-04-07 17:10:13,163.6,35.7
2026-04-07 17:10:13,163.6,35.7
2026-04-07 17:10:14,163.6,35.7
2026-04-07 17:10:15,163.6,35.7
2026-04-07 17:10:15,163.6,35.7
2026-04-07 17:10:16,163.6,35.7
2026-04-07 17:10:16,163.6,35.7
2026-04-07 17:10:17,163.6,35.7
2026-04-07 17:10:17,163.6,35.7
2026-04-07 17:10:18,163.6,35.7
2026-04-07 17:10:18,163.6,35.7
2026-04-07 17:10:19,163.6,35.7
2026-04-07 17:10:19,163.6,35.7
2026-04-07 17:10:20,163.6,35.7
2026-04-07 17:10:21,163.6,35.7
2026-04-07 17:10:21,163.6,35.7
2026-04-07 17:10:22,163.6,35.7
2026-04-07 17:10:22,163.6,35.7
2026-04-07 17:10:23,163.6,35.7
2026-04-07 17:10:24,163.6,35.7
2026-04-07 17:10:24,163.6,35.7
2026-04-07 17:10:25,163.6,35.7
2026-04-07 17:10:25,163.6,35.7
2026-04-07 17:10:26,163.6,35.7
2026-04-07 17:10:26,163.6,35.7
2026-04-07 17:10:27,163.6,35.7
2026-04-07 17:10:27,163.6,35.7
2026-04-07 17:10:28,163.6,35.7
2026-04-07 17:10:28,163.6,35.7
2026-04-07 17:10:29,163.6,35.7
2026-04-07 17:10:29,163.6,35.7
2026-04-07 17:10:30,163.6,35.7
2026-04-07 17:10:30,163.6,35.7
2026-04-07 17:10:32,None,None
2026-04-07 17:10:33,0.0,0.0
2026-04-07 17:10:34,163.6,35.6
2026-04-07 17:10:34,163.6,35.6
2026-04-07 17:10:35,163.6,35.6
2026-04-07 17:10:35,163.6,35.6
2026-04-07 17:10:36,163.6,35.6
2026-04-07 17:10:36,163.6,35.6
2026-04-07 17:10:37,163.6,35.6
2026-04-07 17:10:37,163.6,35.6
2026-04-07 17:10:38,163.6,35.6
2026-04-07 17:10:38,163.6,35.6
2026-04-07 17:10:39,163.6,35.6
2026-04-07 17:10:39,163.6,35.6
2026-04-07 17:10:40,163.6,35.6
2026-04-07 17:10:40,163.6,35.6
2026-04-07 17:10:41,163.6,35.6
2026-04-07 17:10:41,163.6,35.6
2026-04-07 17:10:42,163.6,35.6
2026-04-07 17:10:42,163.6,35.6
2026-04-07 17:10:43,163.6,35.6
2026-04-07 17:10:43,163.6,35.6
2026-04-07 17:10:44,163.6,35.6
2026-04-07 17:10:44,163.6,35.6
2026-04-07 17:10:45,163.6,35.6
2026-04-07 17:10:45,163.6,35.6
2026-04-07 17:10:46,163.6,35.6
2026-04-07 17:10:46,163.6,35.6
2026-04-07 17:10:47,163.6,35.6
2026-04-07 17:10:47,163.6,35.6
2026-04-07 17:10:48,163.6,35.6
2026-04-07 17:10:48,163.6,35.6
2026-04-07 17:10:49,163.6,35.6
2026-04-07 17:10:49,163.6,35.6
2026-04-07 17:10:50,163.6,35.6
2026-04-07 17:10:50,163.6,35.6
2026-04-07 17:10:51,163.6,35.6
2026-04-07 17:10:51,163.6,35.6
2026-04-07 17:10:52,163.6,35.6
2026-04-07 17:10:52,163.6,35.6
2026-04-07 17:10:53,163.6,35.6
2026-04-07 17:10:53,163.6,35.6
2026-04-07 17:10:54,163.6,35.6
2026-04-07 17:10:54,163.6,35.6
2026-04-07 17:10:55,163.6,35.6
2026-04-07 17:10:55,163.6,35.6
2026-04-07 17:10:56,163.6,35.6
2026-04-07 17:10:56,163.6,35.6
2026-04-07 17:10:57,163.6,35.6
2026-04-07 17:10:57,163.6,35.6
2026-04-07 17:10:58,163.6,35.6
2026-04-07 17:10:58,163.6,35.6
2026-04-07 17:10:59,163.6,35.6
2026-04-07 17:11:00,163.6,35.6
2026-04-07 17:11:00,163.6,35.6
2026-04-07 17:11:00,163.6,35.6
2026-04-07 17:11:01,163.6,35.6
2026-04-07 17:11:01,163.6,35.6
2026-04-07 17:11:02,163.6,35.6
2026-04-07 17:11:03,163.6,35.6
2026-04-07 17:11:04,None,None
2026-04-07 17:20:39,None,None
2026-04-07 17:20:39,None,None
2026-04-07 17:20:40,None,None
2026-04-07 17:20:40,None,None
2026-04-07 17:20:41,None,None
2026-04-07 17:20:41,None,None
2026-04-07 17:20:42,None,None
2026-04-07 17:20:42,None,None
2026-04-07 17:20:43,None,None
2026-04-07 17:20:43,None,None
2026-04-07 17:20:44,None,None
2026-04-07 17:20:44,None,None
2026-04-07 17:20:45,None,None
2026-04-07 17:20:45,None,None
2026-04-07 17:20:46,None,None
2026-04-07 17:20:46,None,None
2026-04-07 17:20:47,None,None
2026-04-07 17:20:47,None,None
2026-04-07 17:20:48,None,None
2026-04-07 17:20:48,None,None
2026-04-07 17:20:49,None,None
2026-04-07 17:20:49,None,None
2026-04-07 17:20:50,None,None
2026-04-07 17:20:50,None,None
2026-04-07 17:20:51,None,None
2026-04-07 17:20:51,None,None
2026-04-07 17:20:52,None,None
2026-04-07 17:20:52,None,None
2026-04-07 17:21:20,0.0,0.0
2026-04-07 17:21:21,0.0,0.0
2026-04-07 17:21:22,0.0,0.0
2026-04-07 17:21:22,0.0,0.0
2026-04-07 17:21:22,0.0,0.0
2026-04-07 17:21:23,0.0,0.0
2026-04-07 17:21:23,0.0,0.0
2026-04-07 17:21:24,0.0,0.0
2026-04-07 17:21:24,0.0,0.0
2026-04-07 17:21:25,0.0,0.0
2026-04-07 17:21:25,0.0,0.0
2026-04-07 17:21:26,0.0,0.0
2026-04-07 17:21:26,0.0,0.0
2026-04-07 17:21:27,0.0,0.0
2026-04-07 17:21:27,0.0,0.0
2026-04-07 17:21:28,0.0,0.0
2026-04-07 17:21:28,0.0,0.0
2026-04-07 17:21:29,0.0,0.0
2026-04-07 17:21:29,0.0,0.0
2026-04-07 17:21:30,0.0,0.0
2026-04-07 17:21:30,0.0,0.0
2026-04-07 17:21:31,0.0,0.0
2026-04-07 17:21:32,0.0,0.0
2026-04-07 17:21:32,0.0,0.0
2026-04-07 17:21:33,0.0,0.0
2026-04-07 17:21:33,0.0,0.0
2026-04-07 17:21:33,0.0,0.0
2026-04-07 17:21:34,0.0,0.0
2026-04-07 17:21:34,0.0,0.0
2026-04-07 17:21:35,0.0,0.0
2026-04-07 17:21:35,0.0,0.0
2026-04-07 17:21:36,0.0,0.0
2026-04-07 17:21:36,163.70000000000005,35.5
2026-04-07 17:21:37,163.70000000000005,35.5
2026-04-07 17:21:37,163.70000000000005,35.5
2026-04-07 17:21:38,163.70000000000005,35.5
2026-04-07 17:21:38,163.70000000000005,35.5
2026-04-07 17:21:39,163.70000000000005,35.5
2026-04-07 17:21:39,163.70000000000005,35.5
2026-04-07 17:21:40,163.70000000000005,35.5
2026-04-07 17:21:40,163.70000000000005,35.5
2026-04-07 17:21:41,163.70000000000005,35.5
2026-04-07 17:21:41,163.70000000000005,35.5
2026-04-07 17:21:42,163.70000000000005,35.5
2026-04-07 17:21:42,163.70000000000005,35.5
2026-04-07 17:21:43,163.70000000000005,35.5
2026-04-07 17:21:43,163.70000000000005,35.5
2026-04-07 17:21:44,163.70000000000005,35.5
2026-04-07 17:21:44,163.70000000000005,35.5
2026-04-07 17:21:45,163.70000000000005,35.5
2026-04-07 17:21:45,163.70000000000005,35.5
2026-04-07 17:21:46,163.70000000000005,35.5
2026-04-07 17:21:46,163.70000000000005,35.5
2026-04-07 17:21:47,163.70000000000005,35.5
2026-04-07 17:21:47,163.70000000000005,35.5
2026-04-07 17:21:48,163.70000000000005,35.5
2026-04-07 17:21:48,163.70000000000005,35.5
2026-04-07 17:21:49,163.70000000000005,35.5
2026-04-07 17:21:49,163.70000000000005,35.5
2026-04-07 17:21:50,173.70000000000005,35.39999999999998
2026-04-07 17:21:50,173.70000000000005,35.39999999999998
2026-04-07 17:21:51,173.70000000000005,35.39999999999998
2026-04-07 17:21:51,173.70000000000005,35.39999999999998
2026-04-07 17:21:52,173.70000000000005,35.39999999999998
2026-04-07 17:21:52,173.70000000000005,35.39999999999998
2026-04-07 17:21:53,164.70000000000005,35.5
2026-04-07 17:21:53,178.70000000000005,35.5
2026-04-07 17:21:54,178.70000000000005,35.5
2026-04-07 17:21:54,178.70000000000005,35.5
2026-04-07 17:21:55,178.70000000000005,35.5
2026-04-07 17:21:55,178.70000000000005,35.5
2026-04-07 17:21:56,178.70000000000005,35.5
2026-04-07 17:21:56,178.70000000000005,35.5
2026-04-07 17:21:57,178.70000000000005,35.5
2026-04-07 17:21:57,164.70000000000005,35.39999999999998
2026-04-07 17:21:58,182.70000000000005,35.39999999999998
2026-04-07 17:21:58,182.70000000000005,35.39999999999998
2026-04-07 17:21:59,182.70000000000005,35.39999999999998
2026-04-07 17:21:59,182.70000000000005,35.39999999999998
2026-04-07 17:22:00,182.70000000000005,35.39999999999998
2026-04-07 17:22:00,182.70000000000005,35.39999999999998
2026-04-07 17:22:01,182.70000000000005,35.39999999999998
2026-04-07 17:22:01,182.70000000000005,35.39999999999998
2026-04-07 17:22:02,182.70000000000005,35.39999999999998
2026-04-07 17:22:02,164.70000000000005,35.39999999999998
2026-04-07 17:22:03,164.70000000000005,35.39999999999998
2026-04-07 17:22:03,164.70000000000005,35.39999999999998
2026-04-07 17:22:04,164.70000000000005,35.39999999999998
2026-04-07 17:22:04,164.70000000000005,35.39999999999998
2026-04-07 17:22:05,164.70000000000005,35.39999999999998
2026-04-07 17:22:05,164.70000000000005,35.39999999999998
2026-04-07 17:22:06,164.70000000000005,35.39999999999998
2026-04-07 17:22:06,174.70000000000005,35.39999999999998
2026-04-07 17:22:07,174.70000000000005,35.39999999999998
2026-04-07 17:22:08,174.70000000000005,35.39999999999998
2026-04-07 17:22:08,174.70000000000005,35.39999999999998
2026-04-07 17:22:09,174.70000000000005,35.39999999999998
2026-04-07 17:22:09,174.70000000000005,35.39999999999998
2026-04-07 17:22:10,174.70000000000005,35.39999999999998
2026-04-07 17:22:10,174.70000000000005,35.39999999999998
2026-04-07 17:22:11,174.70000000000005,35.39999999999998
2026-04-07 17:22:11,174.70000000000005,35.39999999999998
2026-04-07 17:22:12,174.70000000000005,35.39999999999998
2026-04-07 17:22:12,174.70000000000005,35.39999999999998
2026-04-07 17:22:13,174.70000000000005,35.39999999999998
2026-04-07 17:22:13,174.70000000000005,35.39999999999998
2026-04-07 17:22:14,164.70000000000005,35.39999999999998
2026-04-07 17:22:14,176.70000000000005,35.39999999999998
2026-04-07 17:22:15,176.70000000000005,35.39999999999998
2026-04-07 17:22:15,176.70000000000005,35.39999999999998
2026-04-07 17:22:16,176.70000000000005,35.39999999999998
2026-04-07 17:22:16,176.70000000000005,35.39999999999998
2026-04-07 17:22:17,176.70000000000005,35.39999999999998
2026-04-07 17:22:17,176.70000000000005,35.39999999999998
2026-04-07 17:22:18,176.70000000000005,35.39999999999998
2026-04-07 17:22:18,176.70000000000005,35.39999999999998
2026-04-07 17:22:19,176.70000000000005,35.39999999999998
2026-04-07 17:22:19,176.70000000000005,35.39999999999998
2026-04-07 17:22:20,176.70000000000005,35.39999999999998
2026-04-07 17:22:20,176.70000000000005,35.39999999999998
2026-04-07 17:22:21,176.70000000000005,35.39999999999998
2026-04-07 17:22:21,176.70000000000005,35.39999999999998
2026-04-07 17:22:22,176.70000000000005,35.39999999999998
2026-04-07 17:22:22,176.70000000000005,35.39999999999998
2026-04-07 17:22:23,176.70000000000005,35.39999999999998
2026-04-07 17:22:23,176.70000000000005,35.39999999999998
2026-04-07 17:22:24,176.70000000000005,35.39999999999998
2026-04-07 17:22:24,176.70000000000005,35.39999999999998
2026-04-07 17:22:25,176.70000000000005,35.39999999999998
2026-04-07 17:22:25,176.70000000000005,35.39999999999998
2026-04-07 17:22:26,176.70000000000005,35.39999999999998
2026-04-07 17:22:26,176.70000000000005,35.39999999999998
2026-04-07 17:22:27,176.70000000000005,35.39999999999998
2026-04-07 17:22:27,176.70000000000005,35.39999999999998
2026-04-07 17:22:28,176.70000000000005,35.39999999999998
2026-04-07 17:22:28,176.70000000000005,35.39999999999998
2026-04-07 17:22:29,176.70000000000005,35.39999999999998
2026-04-07 17:22:29,176.70000000000005,35.39999999999998
2026-04-07 17:22:30,176.70000000000005,35.39999999999998
2026-04-07 17:22:30,176.70000000000005,35.39999999999998
2026-04-07 17:22:31,176.70000000000005,35.39999999999998
2026-04-07 17:22:31,176.70000000000005,35.39999999999998
2026-04-07 17:22:32,176.70000000000005,35.39999999999998
2026-04-07 17:22:32,176.70000000000005,35.39999999999998
2026-04-07 17:22:33,176.70000000000005,35.39999999999998
2026-04-07 17:22:33,176.70000000000005,35.39999999999998
2026-04-07 17:22:34,176.70000000000005,35.39999999999998
2026-04-07 17:22:34,176.70000000000005,35.39999999999998
2026-04-07 17:22:35,176.70000000000005,35.39999999999998
2026-04-07 17:22:35,176.70000000000005,35.39999999999998
2026-04-07 17:22:36,176.70000000000005,36.39999999999998
2026-04-07 17:22:36,176.70000000000005,36.39999999999998
2026-04-07 17:22:37,176.70000000000005,36.39999999999998
2026-04-07 17:22:37,176.70000000000005,36.39999999999998
2026-04-07 17:22:38,176.70000000000005,36.39999999999998
2026-04-07 17:22:38,176.70000000000005,36.39999999999998
2026-04-07 17:22:39,176.70000000000005,37.39999999999998
2026-04-07 17:22:39,176.70000000000005,37.39999999999998
2026-04-07 17:22:40,176.70000000000005,37.39999999999998
2026-04-07 17:22:40,176.70000000000005,37.39999999999998
2026-04-07 17:22:41,176.70000000000005,37.39999999999998
2026-04-07 17:22:41,176.70000000000005,38.39999999999998
2026-04-07 17:22:42,176.70000000000005,38.39999999999998
2026-04-07 17:22:42,176.70000000000005,38.39999999999998
2026-04-07 17:22:43,176.70000000000005,38.39999999999998
2026-04-07 17:22:43,176.70000000000005,38.39999999999998
2026-04-07 17:22:44,176.70000000000005,38.39999999999998
2026-04-07 17:22:44,176.70000000000005,38.39999999999998
2026-04-07 17:22:45,176.70000000000005,38.39999999999998
2026-04-07 17:22:45,176.70000000000005,38.39999999999998
2026-04-07 17:22:46,176.70000000000005,39.39999999999998
2026-04-07 17:22:46,176.70000000000005,39.39999999999998
2026-04-07 17:22:47,176.70000000000005,39.39999999999998
2026-04-07 17:22:47,176.70000000000005,39.39999999999998
2026-04-07 17:22:48,176.70000000000005,39.39999999999998
2026-04-07 17:22:48,176.70000000000005,39.39999999999998
2026-04-07 17:22:49,176.70000000000005,39.39999999999998
2026-04-07 17:22:49,176.70000000000005,39.39999999999998
2026-04-07 17:22:50,176.70000000000005,39.39999999999998
2026-04-07 17:22:50,176.70000000000005,40.39999999999998
2026-04-07 17:22:51,176.70000000000005,40.39999999999998
2026-04-07 17:22:51,176.70000000000005,40.39999999999998
2026-04-07 17:22:52,176.70000000000005,40.39999999999998
2026-04-07 17:22:52,176.70000000000005,40.39999999999998
2026-04-07 17:22:53,176.70000000000005,40.39999999999998
2026-04-07 17:22:53,176.70000000000005,40.39999999999998
2026-04-07 17:22:54,176.70000000000005,40.39999999999998
2026-04-07 17:22:54,176.70000000000005,40.39999999999998
2026-04-07 17:22:55,176.70000000000005,40.39999999999998
2026-04-07 17:22:55,176.70000000000005,40.39999999999998
2026-04-07 17:22:56,176.70000000000005,40.39999999999998
2026-04-07 17:22:56,176.70000000000005,41.39999999999998
2026-04-07 17:22:57,176.70000000000005,41.39999999999998
2026-04-07 17:22:57,176.70000000000005,41.39999999999998
2026-04-07 17:22:58,176.70000000000005,41.39999999999998
2026-04-07 17:22:58,176.70000000000005,41.39999999999998
2026-04-07 17:22:59,176.70000000000005,41.39999999999998
2026-04-07 17:22:59,176.70000000000005,41.39999999999998
2026-04-07 17:23:00,176.70000000000005,41.39999999999998
2026-04-07 17:23:00,176.70000000000005,41.39999999999998
2026-04-07 17:23:01,176.70000000000005,41.39999999999998
2026-04-07 17:23:01,176.70000000000005,41.39999999999998
2026-04-07 17:23:02,176.70000000000005,41.39999999999998
2026-04-07 17:23:02,176.70000000000005,41.39999999999998
2026-04-07 17:23:03,176.70000000000005,41.39999999999998
2026-04-07 17:23:03,176.70000000000005,41.39999999999998
2026-04-07 17:23:04,176.70000000000005,41.39999999999998
2026-04-07 17:23:04,176.70000000000005,41.39999999999998
2026-04-07 17:23:05,176.70000000000005,41.39999999999998
2026-04-07 17:23:05,176.70000000000005,41.39999999999998
2026-04-07 17:23:06,176.70000000000005,41.39999999999998
2026-04-07 17:23:06,176.70000000000005,41.39999999999998
2026-04-07 17:23:07,176.70000000000005,41.39999999999998
2026-04-07 17:23:07,176.70000000000005,41.39999999999998
2026-04-07 17:23:08,176.70000000000005,41.39999999999998
2026-04-07 17:23:08,176.70000000000005,41.39999999999998
2026-04-07 17:23:09,176.70000000000005,41.39999999999998
2026-04-07 17:23:09,176.70000000000005,41.39999999999998
2026-04-07 17:23:10,176.70000000000005,41.39999999999998
2026-04-07 17:23:10,176.70000000000005,42.5
2026-04-07 17:23:11,176.70000000000005,42.5
2026-04-07 17:23:11,176.70000000000005,42.5
2026-04-07 17:23:12,176.70000000000005,42.5
2026-04-07 17:23:12,176.70000000000005,42.5
2026-04-07 17:23:13,176.70000000000005,42.5
2026-04-07 17:23:13,176.70000000000005,42.5
2026-04-07 17:23:14,176.70000000000005,42.5
2026-04-07 17:23:14,176.70000000000005,42.5
2026-04-07 17:23:15,176.70000000000005,42.5
2026-04-07 17:23:15,176.70000000000005,42.5
2026-04-07 17:23:16,176.70000000000005,42.5
2026-04-07 17:23:16,176.70000000000005,42.5
2026-04-07 17:23:17,176.70000000000005,42.5
2026-04-07 17:23:17,176.70000000000005,42.5
2026-04-07 17:23:18,176.70000000000005,42.5
2026-04-07 17:23:18,176.70000000000005,42.5
2026-04-07 17:23:19,176.70000000000005,42.5
2026-04-07 17:23:19,176.70000000000005,42.5
2026-04-07 17:23:20,176.70000000000005,42.5
2026-04-07 17:23:20,176.70000000000005,42.5
2026-04-07 17:23:21,176.70000000000005,42.5
2026-04-07 17:23:21,176.70000000000005,42.5
2026-04-07 17:23:22,176.70000000000005,42.5
2026-04-07 17:23:22,176.70000000000005,42.5
2026-04-07 17:23:23,176.70000000000005,42.5
2026-04-07 17:23:23,176.70000000000005,42.5
2026-04-07 17:23:24,176.70000000000005,42.5
2026-04-07 17:23:24,176.70000000000005,43.5
2026-04-07 17:23:25,176.70000000000005,43.5
2026-04-07 17:23:25,176.70000000000005,43.5
2026-04-07 17:23:26,176.70000000000005,43.5
2026-04-07 17:23:26,176.70000000000005,43.5
2026-04-07 17:23:27,176.70000000000005,43.5
2026-04-07 17:23:27,176.70000000000005,43.5
2026-04-07 17:23:28,176.70000000000005,43.5
2026-04-07 17:23:28,176.70000000000005,43.5
2026-04-07 17:23:29,176.70000000000005,43.5
2026-04-07 17:23:29,176.70000000000005,43.5
2026-04-07 17:23:30,176.70000000000005,43.5
2026-04-07 17:23:30,176.70000000000005,43.5
2026-04-07 17:23:31,176.70000000000005,43.5
2026-04-07 17:23:31,176.70000000000005,43.5
2026-04-07 17:23:32,176.70000000000005,43.5
2026-04-07 17:23:32,176.70000000000005,43.5
2026-04-07 17:23:33,176.70000000000005,43.5
2026-04-07 17:23:33,176.70000000000005,43.5
2026-04-07 17:23:34,176.70000000000005,35.39999999999998
2026-04-07 17:23:34,176.70000000000005,35.39999999999998
2026-04-07 17:23:35,176.70000000000005,35.39999999999998
2026-04-07 17:23:35,176.70000000000005,35.39999999999998
2026-04-07 17:23:36,163.70000000000005,35.39999999999998
2026-04-07 17:23:36,163.70000000000005,35.39999999999998
2026-04-07 17:23:37,163.70000000000005,35.39999999999998
2026-04-07 17:23:37,163.70000000000005,35.39999999999998
2026-04-07 17:23:38,163.70000000000005,35.39999999999998
2026-04-07 17:23:38,163.70000000000005,35.39999999999998
2026-04-07 17:23:39,163.70000000000005,35.39999999999998
2026-04-07 17:23:39,163.70000000000005,35.39999999999998
2026-04-07 17:23:40,163.70000000000005,35.39999999999998
2026-04-07 17:23:40,163.70000000000005,35.39999999999998
2026-04-07 17:23:41,163.70000000000005,35.39999999999998
2026-04-07 17:23:41,163.70000000000005,35.39999999999998
2026-04-07 17:23:42,163.70000000000005,35.39999999999998
2026-04-07 17:23:42,163.70000000000005,35.39999999999998
2026-04-07 17:23:43,163.70000000000005,35.39999999999998
2026-04-07 17:23:43,163.70000000000005,35.39999999999998
2026-04-07 17:23:44,163.70000000000005,35.39999999999998
2026-04-07 17:23:44,163.70000000000005,35.39999999999998
2026-04-07 17:23:45,163.70000000000005,35.39999999999998
2026-04-07 17:23:45,163.70000000000005,35.39999999999998
2026-04-07 17:23:46,163.70000000000005,35.39999999999998
2026-04-07 17:23:46,163.70000000000005,35.39999999999998
2026-04-07 17:23:47,163.70000000000005,35.39999999999998
2026-04-07 17:23:47,163.70000000000005,35.39999999999998
2026-04-07 17:23:48,163.70000000000005,35.39999999999998
